{
  "dataset": "KOI",
  "designation": "K00755.01",
  "pred_prob": 0.8167330677290837,
  "entropy": 0.47631130581755254,
  "margin": 0.3167330677290837,
  "top_features": [
    {
      "feature": "Teff",
      "contrib_proxy": -0.1295323362693388
    },
    {
      "feature": "Dur",
      "contrib_proxy": 0.10561729918898839
    },
    {
      "feature": "Vmag",
      "contrib_proxy": -0.05265522736577491
    },
    {
      "feature": "aR",
      "contrib_proxy": -0.013190367601388519
    },
    {
      "feature": "depth_frac",
      "contrib_proxy": -0.005923841204008014
    }
  ],
  "physics": {
    "P_days": 2.525591777,
    "Dur_hr": 1.6545,
    "Depth_ppm": 603.3,
    "Rp_Re": 2.75,
    "Teff_K": 6031.0,
    "Rstar_Rsun": 1.046,
    "RpRs": 0.024562166028263874
  },
  "physics_check": {
    "dur_expected_hr": 2.6493711854678508,
    "dur_obs_hr": 1.6545,
    "dur_ratio": 0.6244878064180475,
    "flag": "ok"
  },
  "mc": {
    "mean": 0.7429709381213794,
    "std": 0.13691985858474975,
    "p05": 0.45569620253164556,
    "p95": 0.8755813953488372,
    "n": 256
  }
}